country,year,rgdpo,rgdpe,cn,pop,emp,y_per_person,y_per_worker,rel_income_US,k_per_worker,ln_y,ln_k,ln_y_hat_Solow,lnZ_implied,lnZ_tilde,ln_y_hat_full
Aruba,2023,4892.4052734375,4693.76513671875,22741.716796875,0.107939,0.0486284680664539,45325.64942641214,100607.84285352597,0.6218631701883517,467662.62029470055,11.51898549437963,13.055502418122536,10.869967595399793,10.750727032508175,10.880957368362798,11.605805718282712
Angola,2023,227166.125,247271.1875,703745.125,36.749906,17.2608089447022,6181.4069674082975,13160.804092540708,0.08480825717053976,40771.27133812567,9.484998304269595,10.615732978504099,10.05671111552698,8.919630967152344,8.44118792874436,9.166036278664274
Albania,2023,44899.2890625,47182.19140625,262863.0,2.811655,1.16954946517944,15968.989460833565,38390.243764175684,0.21909286544125336,224755.77803771629,10.555558637653656,12.32276966073629,10.625723342937711,9.671953126112337,10.148224610976552,10.873072960896465
United Arab Emirates,2023,812833.625,903319.1875,5953913.5,10.642081,6.20071983337402,76379.19923744239,131086.97809972006,1.0479146261623333,960197.1480721256,11.783616336822407,13.774893904935142,11.10976475767066,10.787977552766039,11.600348855175405,12.325197205095318
Argentina,2023,1242508.5,1250172.125,4962359.5,45.538401,22.7903251647949,27284.85130604388,54519.12120671938,0.3743453065982321,217739.74105755845,10.90630676694834,12.291055780206754,10.615152049427865,10.213932260319133,10.116510730447017,10.84135908036693
Armenia,2023,61470.12890625,59457.52734375,257531.15625,2.943393,1.19669795036316,20884.10514880276,51366.4529028363,0.28652773868064096,215201.46848404597,10.846740571103268,12.279329931057108,10.611243433044649,10.130445891126348,10.10478488129737,10.829633231217283
Australia,2023,1701675.5,1663526.25,8094737.0,26.451124,13.7563667297363,64332.82381497285,123700.94033053014,0.8826396151190126,588435.6792046042,11.725622160053629,13.28522290354031,10.94654109053905,10.945821788310287,11.110677853780572,11.835526203700486
Austria,2023,573871.9375,575025.25,3247967.0,9.130429,4.69524145126343,62852.68058050723,122224.15896110695,0.8623322047285225,691757.1830360317,11.713612006352253,13.446990281456527,11.000463549844454,10.846922868800116,11.27244523169679,11.997293581616702
Azerbaijan,2023,210945.484375,215209.5625,521924.0,10.318207,5.02871227264404,20444.005860223584,41948.21117973553,0.28048962246483655,103788.79754947248,10.644191069263535,11.550113320474289,10.368171229517042,10.191229943658156,9.37556827071455,10.100416620634464
Burundi,2023,13563.0517578125,12653.373046875,29873.900390625,13.68945,5.94007635116577,990.7667406515601,2283.312697681181,0.013593216072040077,5029.211515902838,7.733382605035431,8.523018494524493,9.359139620867111,7.338564660290899,6.348473444764755,7.073321794684668
Belgium,2023,680784.25,723524.5625,3989255.5,11.712893,5.06240177154541,58122.638873248485,134478.51054148466,0.7974365271503208,788016.3764209081,11.809159692333212,13.577274150884104,11.043891506320314,10.925102463057765,11.402729101124367,12.12757745104428
Benin,2023,49002.3046875,47803.9296875,154330.5,14.111034,4.3740873336792,3472.6232455750583,11202.86380891312,0.047644027778776576,35282.90320398956,9.323924721822609,10.471153797097577,10.00851805505814,8.750310184185123,8.296608747337839,9.021457097257752
Burkina Faso,2023,54363.85546875,54271.640625,109766.9921875,23.025776,7.49433755874634,2360.999927592017,7253.990768710989,0.03239267210435777,14646.657069695955,8.889307047262907,9.591967402037866,9.715455923371568,8.537976869875425,7.417422352278129,8.142270702198042
Bangladesh,2023,1360665.75,1352598.25,5614778.5,171.46699,73.9222640991211,7935.438477108625,18406.710976486145,0.10887338605530969,75955.17491822544,9.820470604083303,11.23789864155828,10.264099669878373,9.111756585345814,9.063353591798542,9.788201941718455
Bulgaria,2023,191771.515625,208523.875,541700.625,6.795803,3.10234546661377,28219.110475244794,61815.009865525986,0.38716324469926383,174610.02677798798,11.031901492038621,12.070310347875006,10.541570238650614,10.512697064120427,9.895765298115268,10.620613648035182
Bahrain,2023,84470.015625,84462.6875,514556.21875,1.569666,0.784363508224487,53814.00605288004,107692.43436147268,0.7383225354313059,656017.5395140038,11.587034613336934,13.393942804632827,10.982781057569888,10.683580517688988,11.21939775487309,11.944246104793002
Bahamas,2023,13737.912109375,14632.4638671875,81121.5703125,0.39944,0.211458131670952,34392.93037596385,64967.52809086782,0.47186740810824673,383629.4668427909,11.081642856219387,12.857432435628223,10.803944267901688,10.193748066514969,10.682887385868485,11.407735735788398
Bosnia and Herzegovina,2023,60592.3359375,61802.4609375,186714.4375,3.185073,0.714899301528931,19023.845273719002,84756.46263454617,0.2610051677316704,261175.85665656708,11.347537277610293,12.47294923971016,10.675783202595667,10.784831296560359,10.298404189950421,11.023252539870334
Belarus,2023,261406.296875,254782.296875,1408204.875,9.11568,3.96889638900757,28676.55477978604,65863.7241322304,0.3934393327202081,354810.18826800975,11.095343100524063,12.779338244529546,10.777912870868796,10.25334552852132,10.604793194769808,11.329641544689721
Belize,2023,4871.19775390625,5132.9736328125,14358.03515625,0.411106,0.182748422026634,11849.006713368935,26655.21102664468,0.1625671329943465,78567.21823927673,10.19073994618837,11.271709820671989,10.275370062916277,9.650255008946559,9.09716477091225,9.822013120832164
Bermuda,2023,4028.47875976563,6022.5556640625,12678.798828125,0.064698,0.0357721485197544,62265.89322337058,112614.95119704619,0.8542815435520539,354432.1309390574,11.631729767374342,12.77827215652402,10.777557508200285,11.058458572799502,10.603727106764282,11.328575456684195
Bolivia (Plurinational State of),2023,118029.375,117510.328125,353714.5625,12.244159,6.62617015838623,9639.647361652196,17812.608517247234,0.1322549537331434,53381.44871699845,9.787661829188785,10.885218562286727,10.146539643454522,9.238883462639814,8.71067351252699,9.435521862446903
Brazil,2023,3951004.25,3970609.75,17139588.0,211.140729,99.2975463867188,18712.657992196288,39789.54560078085,0.2567357107716727,172608.373758291,10.591359483420629,12.058780571856085,10.537726979977641,9.8576489392029,9.884235522096347,10.60908387201626
Barbados,2023,3057.99096679688,5241.19140625,27237.16796875,0.282336,0.12734742462635,10831.034536144452,24012.978478122583,0.14860066117754178,213880.7914542957,10.086349733088495,12.273174089515404,10.60919148586408,8.99293755487504,10.098629039755666,10.82347738967558
Brunei Darussalam,2023,38622.91796875,38792.8984375,290530.40625,0.458949,0.212830290198326,84155.14135285185,181472.8436105557,1.1545997388145055,1365080.1583706394,12.108861299512148,14.12672370895806,11.227041359011633,11.09993009478919,11.952178659198323,12.677027009118236
Bhutan,2023,11336.24609375,10626.3828125,78868.1640625,0.786385,0.333996653556824,14415.64385606287,33941.196634837914,0.1977811261853353,236134.59363323197,10.432384795527856,12.372157233446881,10.642185867174573,9.462498576568343,10.197612183687143,10.922460533607056
Botswana,2023,45587.98828125,47203.46875,197572.484375,2.480244,1.09990787506104,18380.444940598587,41447.0969022929,0.25217778244502176,179626.39313227538,10.632173119565222,12.09863437913288,10.551011582403241,9.89894248978139,9.924089329373142,10.648937679293056
Central African Republic,2023,5659.34814453125,5511.0673828125,46466.8046875,5.152421,1.7782461643219,1098.3862041807627,3182.5448343870507,0.015069743857326288,26130.69305014878,8.065436418120877,10.170865881322083,9.908422083132974,7.0127216865202735,7.996320831562345,8.721169181482258
Canada,2023,2165437.0,2165848.75,10595644.0,39.299105,20.1884651184082,55101.43297156513,107261.10119315193,0.7559858981226478,524836.5310515213,11.583021339062174,13.170842123662563,10.908414163913134,10.78911094676198,10.996297073902825,11.721145423822739
Switzerland,2023,797972.875,729190.1875,3726945.75,8.870561,5.22269582748413,89957.4305390606,152789.45995681285,1.234206539673332,713605.7455973536,11.936816173995142,13.47808591178132,11.01082875995272,11.166181305102052,11.303540862021583,12.028389211941496
Chile,2023,515928.28125,538011.75,2013679.0,19.658835,8.2648344039917,26244.09235084378,62424.51524507498,0.36006620257053534,243644.20405416057,11.041713349720546,12.403464259990193,10.652621542689012,10.360837894585721,10.228919210230455,10.953767560150368
China,2023,30937840.0,30590320.0,171874224.0,1422.584933,751.184936523438,21747.622431763797,41185.38391249369,0.29837510550031343,228804.14082243422,10.62583871299012,12.340621636324162,10.631674001467001,9.7684472513231,10.166076586564424,10.890924936484337
Côte d'Ivoire,2023,187801.453125,186785.96875,472480.5625,31.165654,11.7397089004517,6025.910867296416,15997.11327746586,0.08267486693805139,40246.36100489857,9.68016356478586,10.60277486894331,10.052391745673383,9.218857912707133,8.428229819183573,9.153078169103486
Cameroon,2023,137202.734375,134722.015625,322289.59375,28.372687,9.77485942840576,4835.732843174142,14036.287210053231,0.0663457489102819,32971.276580553764,9.549401198879991,10.40339205477491,9.985930807617251,9.12240577093253,8.228847005015172,8.953695354935086
D.R. of the Congo,2023,113414.796875,149775.890625,349686.78125,105.789731,33.7807884216309,1072.077561809851,3357.3756615572934,0.014708792035230758,10351.646530134996,8.118914894668404,9.24490087107803,9.59976707971829,7.55592190646359,7.070355821318293,7.795204171238206
Congo,2023,38477.66796875,37133.23828125,300522.90625,6.182885,2.1145646572113,6223.2546729803325,18196.496303638483,0.08538240331475297,142120.46211267493,9.808984343743212,11.864430301696487,10.472943556591108,8.781261364766573,9.689885251936749,10.414733601856662
Colombia,2023,915366.375,904662.5625,3050380.0,52.321152,22.9331722259522,17495.14947606658,39914.51186871263,0.2400316212516548,133011.69022522116,10.59449524273574,11.79819229977146,10.4508642226161,9.992646714217878,9.623647250011722,10.348495599931635
Comoros,2023,3247.38647460938,3228.494140625,16872.62890625,0.850387,0.274394899606705,3818.7160370623965,11834.718791289182,0.05239238468523577,61490.31534636334,9.378792760895973,11.026634967351399,10.193678445142746,8.55487165766826,8.85208991759166,9.576938267511574
Cabo Verde,2023,4966.8447265625,4789.1298828125,23191.2109375,0.522331,0.214225083589554,9508.998559462296,23185.168810944473,0.1304624658297317,108256.28142563062,10.051268077840438,11.592256671207844,10.382219013094895,9.280773781156736,9.417711621448106,10.14255997136802
Costa Rica,2023,128208.71875,129839.703125,430450.40625,5.105525,2.15846085548401,25111.760054059083,59398.213511382244,0.34453072187260486,199424.69892671573,10.992019429332501,12.203191995071363,10.5858641210494,10.38643314646307,10.028646945311625,10.753495295231538
Cayman Islands,2023,4886.34375,5564.9306640625,22720.73046875,0.073038,0.0511694960296154,66901.39037213505,95493.29442627162,0.917880079674737,444028.8107508409,11.466811308571891,13.003644728387627,10.852681698821488,10.698394598664022,10.82909967862789,11.553948028547802
Cyprus,2023,32687.408203125,46273.9140625,242610.0,0.913951,0.405241817235947,35764.94604538427,80661.48855534612,0.4906913196137859,598679.5776773042,11.298016522947702,13.302481805219744,10.952294057765528,10.29578388181168,11.127936755460006,11.852785105379919
Czechia,2023,483871.0625,519598.5625,2866103.0,10.809716,5.3817195892334,44762.60639039915,89910.12156561005,0.6141382786146309,532562.6786155654,11.406565801058987,13.185455875959182,10.913285414678674,10.517120763608888,11.010910826199444,11.735759176119357
Germany,2023,5071455.5,5060520.0,20999284.0,84.548231,46.0366134643555,59982.987698465266,110161.35024629139,0.8229603184858145,456143.1091420092,11.60970139046514,13.030561875098098,10.861654081058312,10.89927114814866,10.85601682533836,11.580865175258273
Djibouti,2023,9494.96875,8546.4931640625,26842.5625,1.152944,0.1911331564188,8235.411910725934,49677.24558053743,0.11298899019473638,140439.06877770656,10.81330227184443,11.852528999512069,10.46897645586297,10.29368890801061,9.677983949752331,10.402832299672244
Denmark,2023,391999.71875,388496.09375,1998499.625,5.948136,3.20203399658203,65902.95157171927,122422.09769428903,0.9041816037450394,624134.4180396813,11.715230169483618,13.344121037678534,10.966173801918458,10.90078473538616,11.169575987918796,11.894424337838709
Dominican Republic,2023,261550.375,259608.28125,1348759.5,11.331265,5.43369150161743,23082.186763790272,48134.932747312785,0.3166851885732914,248221.58188379282,10.781763445042976,12.422077101573498,10.65882582321678,9.961606616777715,10.24753205181376,10.972380401733673
Algeria,2023,673065.1875,682350.9375,2916442.0,46.164219,11.6545906066895,14579.802324826505,57751.07939987821,0.2000333632098562,250239.76374820247,10.963897319116349,12.430174792237784,10.661525053438208,10.23075858255563,10.255629742478046,10.98047809239796
Ecuador,2023,255126.953125,250735.21875,1481233.125,17.980083,8.51595687866211,14189.420211519602,29958.694807891214,0.19467736143960035,173936.19367794492,10.307574872192584,12.066443807944363,10.540281392007067,9.428140404316693,9.891898758184626,10.616747108104539
Egypt,2023,1955516.75,1824768.75,3185428.5,114.535772,28.6768665313721,17073.41484545108,68191.43743828118,0.23424546622262296,111080.0755206356,11.130074285191057,11.61800662129659,10.390802329791143,10.886108117138289,9.443461571536853,10.168309921456766
Spain,2023,2193716.25,2239046.75,13514154.0,47.911579,20.927074432373,45786.76586718213,104826.70461602818,0.6281896395343396,645773.6863158649,11.560063833447678,13.37820439060418,10.977534919560341,10.650993554869427,11.203659340844442,11.928507690764356
Estonia,2023,51206.734375,58142.65234375,304093.25,1.367196,0.690943121910095,37453.83571558138,74111.35989521144,0.5138627092727972,440113.2891508375,11.213324104462808,12.994787448096169,10.849729272057669,10.322592432646127,10.82024239833643,11.545090748256344
Ethiopia,2023,406073.65625,386314.25,878424.125,128.691692,56.9415702819824,3155.3991554482013,7131.409517494302,0.043291746436030946,15426.763270663669,8.872264182158707,9.643859154763176,9.732753174280006,8.486466695856471,7.469314105003438,8.194162454923351
Finland,2023,289576.125,300309.875,1850916.75,5.601185,2.77818250656128,51699.08242630801,104232.21811961713,0.7093060044434467,666232.9582842952,11.5543765555164,13.409394675574896,10.987931681217244,10.626867495487152,11.234849625815158,11.959697975735072
Fiji,2023,12859.6669921875,12670.822265625,32471.896484375,0.924145,0.330901443958282,13915.204856583654,38862.52909131689,0.19091515544602392,98131.62522333645,10.567785802937122,11.494064971005066,10.349488446360635,10.104646218903149,9.319519921245329,10.044368271165242
France,2023,3533407.5,3569986.75,21333246.0,68.655641,30.592170715332,51465.65451191403,115500.38514361285,0.7061033978687484,697343.3235095126,11.65702914351516,13.455033141652692,11.003144503243178,10.758027144446395,11.280488091892954,12.005336441812867
Gabon,2023,49004.3984375,48524.51171875,108239.640625,2.484789,0.677496314048767,19721.75441757831,72331.60892735515,0.27058040820138296,159764.1763955173,11.189016503856331,11.98145410943252,10.511951492503119,10.792797701068237,9.806909059672781,10.531757409592695
United Kingdom,2023,3481523.5,3606369.25,17216510.0,68.682962,33.6068077087402,50689.76932008261,103595.78125281302,0.6954583341752247,512292.33520809724,11.548251886480433,13.146650708285206,10.90035035878735,10.749052475578045,10.972105658525468,11.696954008445381
Georgia,2023,89425.9765625,80443.265625,426327.34375,3.807492,0.987434387207031,23486.845556733933,90563.9683214217,0.322237064895176,431752.579486189,11.413811712280635,12.975607970481382,10.84333611285274,10.632913583180262,10.801062920721645,11.525911270641558
Ghana,2023,214890.328125,225386.609375,596860.375,33.787914,12.9371995925903,6359.976177428414,16610.266123441204,0.08725820805809242,46135.20652041637,9.71777622435986,10.739331636439537,10.097910668172126,9.20699851832002,8.5647865866798,9.289634936599713
Guinea,2023,51115.68359375,52422.00390625,78917.3984375,14.405468,3.56292605400085,3548.3528611323145,14346.546299031836,0.04868303018477714,22149.603230996825,9.571264516194988,10.00557486249103,9.853325076855956,9.354109343046966,7.831029812731293,8.555878162651206
Gambia,2023,7654.7783203125,7020.673828125,17995.138671875,2.697845,0.846075356006622,2837.3677213896644,9047.395442933323,0.03892838841897088,21268.95499806303,9.110232198911692,9.965003776665911,9.839801381580918,8.682846410034582,7.790458726906174,8.515307076826087
Guinea-Bissau,2023,5251.2802734375,4595.5771484375,7472.45263671875,2.153339,0.610543012619019,2438.6686320349468,8600.99970829462,0.03345827860708904,12239.027361339384,9.059633720636192,9.41238508896603,9.655595152347622,8.883258036471272,7.237840039206292,7.962688389126205
Equatorial Guinea,2023,35900.1640625,34720.859375,111980.765625,1.847549,0.584172070026398,19431.23785214898,61454.77660525214,0.2665945513045408,191691.40630078348,11.026056843547725,12.163642099133655,10.572680822403498,10.457264215754758,9.989097049373918,10.71394539929383
Greece,2023,351551.78125,378671.03125,2603367.25,10.242908,4.93057203292847,34321.4818731165,71300.4046796572,0.4708871421209276,528005.1143383768,11.174657282117797,13.176861248888413,10.910420538988419,10.173555298732488,11.002316199128675,11.727164549048588
Grenada,2023,1787.29077148438,1894.70788574219,9660.5029296875,0.117081,0.033976748585701,15265.421131390916,52603.349227964536,0.20943998153714816,284326.8803464346,10.870535070234174,12.55787984240081,10.70409340349255,10.026862684150856,10.383334792641072,11.108183142560986
Guatemala,2023,221287.953125,216551.765625,873987.8125,18.124838,7.85298252105713,12209.099641331966,28178.84192809986,0.16750757030918415,111293.7422382481,10.246326689083027,11.619928311408492,10.391442893161777,9.559525877920294,9.445383261648754,10.170231611568667
"China, Hong Kong SAR",2023,436914.125,454528.625,2526376.25,7.442734,3.78499341011047,58703.44486313766,115433.25909971613,0.8054051245936571,667471.7697662422,11.656447798635707,13.41125237587716,10.988550914651334,10.77904551001498,11.236707326117422,11.961555676037335
Honduras,2023,68596.5,65579.53125,303074.5,10.644851,3.69051432609558,6444.10147215776,18587.24663794285,0.08841239830435366,82122.56428784574,9.830230959899067,11.3159680967516,10.29012282160948,9.0873623914728,9.141423046991862,9.866271396911776
Croatia,2023,142371.109375,149700.140625,758075.625,3.896023,1.73528373241425,36542.67682069639,82044.85912913112,0.5013617045196624,436859.7543096375,11.315021439212606,12.98736749421597,10.847255954097603,10.478848411710922,10.812822444456232,11.537670794376146
Haiti,2023,34538.62890625,34987.1640625,460279.25,11.637398,4.66559314727783,2967.8996031801958,7402.8377134430975,0.040719272186730195,98653.96220168765,8.909618680474203,11.499373674878235,10.351258014318358,7.614741183272186,9.324828625118498,10.04967697503841
Hungary,2023,339900.3125,384031.46875,2046395.125,9.686463,4.81310176849365,35090.24011138018,70619.80586510187,0.48143442475680504,425171.7963654148,11.165065920471262,12.960248592971087,10.838216320349309,10.267474584221349,10.78570354321135,11.510551893131263
Indonesia,2023,3924527.0,3915058.25,25676676.0,281.190067,139.674240112305,13956.847913834737,28097.71506073336,0.19148649383667482,183832.58057716786,10.243443537450979,12.121780734224048,10.558727034100297,9.304274939064443,9.94723568446431,10.672084034384223
India,2023,12868320.0,12544909.0,51797352.0,1438.069596,670.032348632813,8948.329090464966,19205.52048905928,0.1227701393472494,77305.74815632621,9.862953042160184,11.255523593470928,10.269974653849257,9.16666776650481,9.08097854371119,9.805826893631103
Ireland,2023,688778.1875,606887.125,2411348.75,5.19663,2.6321063041687,132543.24196642824,261683.27107804155,1.8184794190340912,916128.9368065923,12.47489016243237,13.727912394456295,11.094104254177712,11.848379046420407,11.553367344696557,12.27821569461647
Iran (Islamic Republic of),2023,1341823.75,1344136.125,8858677.0,90.608707,27.1074466705322,14808.993466819917,49500.1896087344,0.20317784171028028,326798.65085301583,10.809731779028928,12.69709951360272,10.750499960559853,9.866047911742031,10.522554463842981,11.247402813762895
Iraq,2023,618051.0,603191.3125,1710355.25,45.074049,10.8354902267456,13711.903272767884,57039.50509543576,0.18812587897638955,157847.51905163215,10.951499378603057,11.96938477673644,10.507928381604426,10.442556679536363,9.794839726976702,10.519688076896616
Iceland,2023,24492.322265625,26616.939453125,147983.703125,0.387558,0.222970470786095,63196.53384944963,109845.58708279143,0.8670498356198638,663691.9346462117,11.606830904796377,13.405573366952618,10.986657911676485,10.707459673718256,11.23102831719288,11.955876667112793
Israel,2023,408450.15625,457309.5625,1462970.25,9.256314,4.67936229705811,44126.65303381022,87287.5683310075,0.6054130650672247,312643.0819258773,11.376963329980935,12.652817505534504,10.735739291203782,10.73903624220415,10.478272455774766,11.20312080569468
Italy,2023,3004023.0,3032539.75,20274386.0,59.499453,26.2558193206787,50488.24566504838,114413.60725826123,0.6926934507025457,772186.3771370559,11.647575295419712,13.556981221031503,11.037127196369447,10.692872332613815,11.382436171271765,12.107284521191678
Jamaica,2023,26849.064453125,28776.29296875,166536.203125,2.839786,1.30281054973602,9454.608358913312,20608.571567497092,0.12971623796606954,127828.41155127592,9.93346236374351,11.758444108825579,10.437614825634139,9.020971491202475,9.58389905906584,10.308747408985754
Jordan,2023,106258.5390625,102470.1953125,746491.875,11.439213,2.61252379417419,9288.97285700511,40672.754559959125,0.12744373620126634,285735.9143157445,10.61331372613709,12.562823286708904,10.705741218261913,9.638558945851182,10.388278236949166,11.113126586869079
Japan,2023,5505348.0,5393180.5,30113922.0,124.370947,67.9327163696289,44265.54700110147,81041.18743088139,0.6073186757735866,443290.41453527415,11.302712791219975,13.001980397524571,10.852126921867136,10.453078988067675,10.827435347764833,11.552283697684746
Kazakhstan,2023,697153.625,709324.125,2257631.75,20.330104,9.39698886871338,34291.690047429176,74189.04446307523,0.4704784013879857,240250.55063294026,11.214371769508706,12.389437618746417,10.647945995607753,10.62683884488985,10.214892568986679,10.939740918906592
Kenya,2023,315389.78125,308679.90625,725178.9375,55.339003,19.9494342803955,5699.231358577241,15809.459898315841,0.07819285824102211,36350.85222504982,9.668363767590623,10.500972927667574,10.018457765248138,9.252059187552147,8.326427877907836,9.05127622782775
Kyrgyzstan,2023,69961.7734375,50925.15234375,237045.546875,7.073516,3.1536819934845,9890.664478245331,22184.15603793942,0.13569888232261848,75164.69554150848,10.007133621076296,11.227436925518356,10.2606124311984,9.396981968855265,9.052891875758618,9.777740225678532
Cambodia,2023,100914.046875,96302.9609375,520901.40625,17.42388,9.13638591766357,5791.709244726203,11045.291626736203,0.07946164516808596,57013.9452234532,9.309759519012777,10.95105116993705,10.16848384600463,8.48911369355064,8.776506120177313,9.501354470097226
Republic of Korea,2023,2912405.5,2711053.75,14919624.0,51.748739,28.4401531219482,56279.7385265755,102404.70533023962,0.7721521271157686,524597.1755505787,11.536687941022475,13.170385962394658,10.908262110157166,10.719838930336383,10.99584091263492,11.720689262554833
Kuwait,2023,266112.46875,239306.4375,907858.5,4.838782,3.07099366188049,54995.75487178385,86653.53890279568,0.7545360056449645,295623.6970688121,11.369673135657669,12.596842630840397,10.71708099963908,10.756088388066303,10.42229758108066,11.147145931000573
Lao People's DR,2023,64498.90234375,64174.9140625,266699.9375,7.664993,4.39940118789673,8414.737279440438,14660.836688682555,0.11544931550050054,60621.87241157339,9.592935046709902,11.012411037821572,10.18893713529947,8.883197051154067,8.837865988061834,9.562714337981747
Lebanon,2023,74007.8359375,61745.7421875,489297.71875,5.773493,1.85877096652985,12818.554718521353,39815.468000162306,0.17586923023429332,263237.2290941647,10.592010758990472,12.480810916356642,10.678403761477828,9.647610680307388,10.306265866596904,11.031114216516817
Liberia,2023,9152.1240234375,9006.4189453125,22432.982421875,5.493031,1.21719014644623,1666.133692571096,7519.058587648367,0.022859180025694818,18430.138041596434,8.92519622129452,9.82174254068446,9.792047636253766,8.47692306159955,7.647197490924722,8.372045840844635
Saint Lucia,2023,4162.5234375,4087.04125976563,20115.638671875,0.179285,0.0883573964238167,23217.354700616335,47110.073474029996,0.31853967853132154,227662.19338772685,10.760242131319913,12.335618201321626,10.630006189799488,9.972554096319055,10.161073151561888,10.885921501481802
Sri Lanka,2023,292659.15625,283839.71875,1103390.25,22.971617,8.1201114654541,12740.032895812255,36041.2732626982,0.17479191903816532,135883.63345678474,10.492420040251883,11.819554162105296,10.457984843394046,9.828852979325175,9.645009112345559,10.369857462265472
Lesotho,2023,5353.71044921875,5605.927734375,26754.080078125,2.311472,0.517736196517944,2316.147653624508,10340.614554719854,0.03177730359596221,51675.119989795305,9.243834580988691,10.85273170655589,10.135710691544244,8.439386018205091,8.678186656796152,9.403035006716065
Lithuania,2023,119061.4609375,128820.2578125,531646.4375,2.854099,1.51215028762817,41715.953419100035,78736.52633049434,0.5723385184529638,351583.0680652088,11.273862447833649,12.77020128682246,10.774867218299766,10.525693028339242,10.595656237062721,11.320504586982635
Luxembourg,2023,62787.98046875,78869.2421875,321780.75,0.665098,0.510162234306335,94404.10355879886,123074.53638570973,1.2952144284921094,630742.0039382642,11.720545437694339,13.354652189353214,10.969684185810017,10.9034920618649,11.180107139593476,11.904955489513389
Latvia,2023,65017.234375,70633.1640625,515984.09375,1.882396,0.909331023693085,34539.615668010345,71500.07277981582,0.4738799149754706,567432.6293789286,11.177453746581103,13.248877306539754,10.934425891538865,10.141741966601776,11.074332256780016,11.79918060669993
"China, Macao SAR",2023,46163.0703125,61618.39453125,240792.21875,0.713912,0.415018677711487,64662.12966374007,111231.30787041753,0.8871576569268508,580196.1012400365,11.619367166769376,13.271121430964058,10.9418405996803,10.793490034672034,11.09657638120432,11.821424731124234
Morocco,2023,341819.1875,328706.5625,1405715.25,37.712505,11.5467500686646,9063.815503637321,29603.064539140225,0.12435460085895128,121741.20351100429,10.295633166680823,11.709652787911686,10.421351051996176,9.58862335606539,9.535107738151948,10.259956088071862
Republic of Moldova,2023,34878.37109375,34450.8515625,150590.984375,3.06707,0.998097479343414,11371.88622814282,34944.85440108946,0.1560210898320477,150878.03294931113,10.461526509386294,11.924227060595868,10.49287580955757,9.730176233781506,9.74968201083613,10.474530360756043
Madagascar,2023,50093.55859375,48227.25390625,153387.859375,31.195932,16.8070011138916,1605.772143424021,2980.5173602532723,0.022031025883722244,9126.426441908148,7.999852175254081,9.118929488634512,9.557776618903784,7.440313518563865,6.944384438874774,7.669232788794687
Maldives,2023,9751.8310546875,10439.7158203125,86358.3828125,0.525994,0.31703320145607,18539.81424633646,30759.652332624133,0.2543643126536572,272395.39081671333,10.333959120975216,12.515009932470848,10.689803433515895,9.243433715227399,10.34046488271111,11.065313232631024
Mexico,2023,2596760.0,2742741.25,10838618.0,129.739759,59.4779663085938,20015.14431670865,43659.192826584615,0.27460568693612336,182229.12908227596,10.684169142223109,12.113020125246138,10.55580683110766,9.969743650711594,9.9384750754864,10.663323425406311
North Macedonia,2023,40753.8984375,41637.34375,183974.75,1.831802,0.74772173166275,22247.982280563076,54504.09786388488,0.3052399903005733,246047.08170094938,10.906031167987722,12.413278185630206,10.65589285123568,10.15240765916648,10.238733135870469,10.963581485790382
Mali,2023,61185.33203125,60815.63671875,98459.1640625,23.769127,7.27060842514038,2574.151420506525,8415.434920093176,0.03531708829676992,13542.080429204103,9.037822789198213,9.513557185269137,9.68931918444866,8.79995559116275,7.3390121355094,8.063860485429313
Malta,2023,24939.763671875,33046.3359375,88354.2890625,0.532956,0.291403114795685,46795.16446362364,85585.09640283468,0.6420247628239617,303202.96721759107,11.357266439527853,12.62215771904017,10.725519362372335,10.724820799771695,10.447612669280431,11.172461019200345
Myanmar,2023,396321.9375,391349.1875,1443007.625,54.133798,20.6308174133301,7321.15521434502,19210.190733592855,0.10044548392903103,69944.27782912934,9.86319618458332,11.155454173018132,10.23661818036499,9.217067190365913,8.980909123258394,9.705757473178307
Montenegro,2023,16684.541015625,15945.3994140625,58845.76171875,0.633552,0.254897475242615,26334.919652412114,65455.88966600951,0.36131234364976333,230860.51230103307,11.08913175454703,12.349568964264739,10.634656444113858,10.458913149688174,10.175023914505001,10.899872264424914
Mongolia,2023,52069.98828125,60550.23046875,231470.578125,3.431932,1.43648731708527,15172.208622213377,36248.13645198311,0.20816111565895562,161136.52753626078,10.498143250740217,11.99000728173981,10.514802549938883,9.75221123524042,9.815462231980073,10.540310581899986
Mozambique,2023,51894.5703125,49167.7265625,261282.875,33.63516,12.4998655319214,1542.866759441608,4151.610285724658,0.021167970593831048,20902.854861338437,8.33125155862074,9.947641024860776,9.834013797645872,7.523056825500723,7.773095975101038,8.497944325020951
Mauritania,2023,29042.595703125,27726.873046875,112055.7109375,5.022441,1.08791542053223,5782.565828672751,26695.637505456798,0.0793361984560078,103000.38847016261,10.19225544173012,11.542488038759638,10.365629468945492,9.517139143215362,9.3679429889999,10.092791338919813
Montserrat,2023,119.216506958008,142.644943237305,963.075866699219,0.00442,0.0023282456677407,26972.060397739366,51204.43628858727,0.3700538480464878,413648.73133588844,10.8435814535355,12.932772417614686,10.829057595230509,9.798985971495906,10.758227367854948,11.483075717774861
Mauritius,2023,35380.13671875,32990.36328125,127058.0546875,1.273588,0.596035063266754,27779.891706540893,59359.153343828875,0.38113720912406757,213172.1143905849,10.991361614663884,12.269855167177997,10.608085178418278,10.352114838406825,10.09531011741826,10.820158467338173
Malawi,2023,36883.421875,34805.78515625,32814.76171875,21.104482,7.02863550186157,1747.6582403207053,5247.593485994719,0.023977688295367873,4668.72435055977,8.565524866875728,8.44864115501003,9.33434717436229,8.623966722808577,6.274096105250292,6.998944455170205
Malaysia,2023,1067653.875,1142450.125,4309845.5,35.126298,15.5549440383911,30394.716659296122,68637.59023272134,0.4170123340298441,277072.3886478078,11.136595626213419,12.532034081887026,10.695478149987956,10.438876398376614,10.357489032127289,11.082337382047202
Namibia,2023,28737.80859375,32543.603515625,120450.71875,2.963095,0.796969294548035,9698.578207499253,36058.865492487195,0.1330634787754559,151135.95915675542,10.492908034600905,11.92593510245414,10.49344515684366,9.776394500674286,9.751390052694402,10.476238402614316
Niger,2023,50200.96875,48602.421875,170537.9375,26.159867,10.3166570663452,1919.0070327956944,4866.011192110343,0.026328575809278502,16530.34858125948,8.490029823404601,9.712953278388218,9.755784548821687,7.878568095912792,7.53840822862848,8.263256578548393
Nigeria,2023,1073451.125,1043357.8125,10492865.0,227.882945,84.5971527099609,4710.537355044275,12688.974635828452,0.06462807990549209,124033.3115698883,9.448488756484716,11.728305450202104,10.427568606092981,8.308580409626021,9.553760400442366,10.27860875036228
Nicaragua,2023,50060.1640625,49153.31640625,249535.1875,6.823613,2.98746585845947,7336.313484146888,16756.73177008766,0.1006534538055325,83527.37715592721,9.726555353236009,11.332929727232147,10.29577669843633,8.923368166237939,9.158384677472409,9.883233027392322
Netherlands,2023,1263538.125,1239305.125,5719511.5,18.092524,10.3563680648804,69837.5818100338,122005.91144349136,0.9581643191496956,552270.0105064344,11.711824776996362,13.221792355132807,10.925397574403217,10.956840987928139,11.04724730537307,11.772095655292983
Norway,2023,545170.4375,491620.09375,2288498.75,5.519167,2.96684813499451,98777.66653917158,183754.07593992297,1.355219255216294,771356.8898275391,12.121353598815041,13.555906437567874,11.036768935214905,11.404077179438625,11.381361387808136,12.106209737728049
Nepal,2023,150854.171875,131129.75,548879.3125,29.694614,17.2623805999756,5080.186321836007,8738.897338134999,0.06969962507373419,31796.269889958043,9.075539298005618,10.367104262830273,9.973834876969038,8.42975681559329,8.192559213070535,8.917407562990448
New Zealand,2023,243953.765625,246573.75,751810.1875,5.172836,2.88284850120544,47160.545129402904,84622.47167098538,0.6470377473486715,260787.26897568034,11.34595513291136,12.471460292565832,10.67528688688089,10.783202553084124,10.296915242806094,11.021763592726007
Oman,2023,220511.96875,215752.78125,1483532.5,5.049269,3.30491232872009,43672.05802463683,66722.4866553113,0.5991760690807616,448887.09667361586,11.108297306351778,13.014526680034367,10.85630901603707,10.155182619510482,10.839981630274629,11.564829980194542
Pakistan,2023,1396247.125,1378872.75,2131282.0,247.504495,67.4123840332031,5641.300070125999,20712.027100425592,0.07739804702165119,31615.58563112476,9.938469829871305,10.361405494158719,9.971935287411853,9.727001997727598,8.186860444398981,8.911708794318894
Panama,2023,164682.671875,163155.96875,860479.625,4.458759,1.93736696243286,36934.642997076095,85003.34478100047,0.5067394394696233,444149.0134215191,11.35044588506296,13.003915400922205,10.852771922999683,10.523711127133337,10.829370351162467,11.55421870108238
Peru,2023,485290.6875,500423.21875,2341043.25,33.845617,18.9144153594971,14338.361374827353,25657.186768732514,0.19672081862462035,123770.32044104609,10.15257899726967,11.726182872534887,10.42686108020391,9.36577705963706,9.551637822775149,10.276486172695062
Philippines,2023,1161537.875,1106537.0,4599231.5,114.891199,47.4341087341309,10109.894274843455,24487.397486699756,0.13870669220592957,96960.42832339871,10.105913875891803,11.482058218820185,10.345486195632342,9.41784170442761,9.307513169060448,10.03236151898036
Poland,2023,1519751.375,1572956.75,3916231.0,38.762844,18.0145092010498,39206.39504676179,84362.63003554025,0.5379076400222272,217393.1555,11.342879810440786,12.28946276973297,10.614621045936602,10.869588330794695,10.114917719973231,10.839766069893145
Portugal,2023,382109.65625,416398.3125,2817273.75,10.430738,5.15065050125122,36633.04132938628,74186.6791693935,0.5026014961289949,546974.3577661918,11.214339887019792,13.212157202364164,10.922185856813668,10.215431229347605,11.037612152604426,11.76246050252434
Paraguay,2023,102708.2890625,102964.171875,480687.65625,6.844146,2.95802426338196,15006.735546334048,34721.92244463602,0.2058908423622828,162502.9456994452,10.45512653719062,11.998451407968831,10.517617258681891,9.683464101801514,9.823906358209094,10.548754708129007
State of Palestine,2023,37127.3515625,31532.525390625,173518.390625,5.409202,1.12622177600861,6863.739154592489,32966.288126732295,0.09416978342363422,154071.24451096874,10.403240746371177,11.945170401111632,10.499856923062824,9.632275919000948,9.770625351351894,10.495473701271807
Qatar,2023,347973.15625,378748.3125,1967448.0,2.979082,2.05851221084595,116805.4978849189,169041.09405646892,1.6025592160146183,955762.1225824418,12.037897124444035,13.770264335320691,11.108221567799177,11.171713519005706,11.595719285560953,12.320567635480867
Romania,2023,661586.5,696257.8125,2358624.25,19.118479,7.696448802948,34604.557193069595,85959.96893354114,0.474770905908006,306456.17354026536,11.361636989350393,12.632830034053647,10.729076800710162,10.726040466998764,10.45828498429391,11.183133334213823
Russian Federation,2023,5705165.0,5896073.0,39980452.0,145.4405,74.6163482666016,39226.797212605845,76459.98675271061,0.5381875556040457,535813.5707358827,11.244522833992615,13.191541563759733,10.915313977278856,10.271013469109056,11.016996513999995,11.741844863919908
Rwanda,2023,43788.3828125,39916.203125,88583.375,13.954471,6.16923046112061,3137.946455476528,7097.867892674909,0.0430522972175404,14358.901901665913,8.867549721124941,9.572125370434973,9.708841912837272,8.515261896469925,7.397580320675235,8.122428670595149
Saudi Arabia,2023,1964000.5,1889923.625,8620562.0,33.264292,15.4389848709106,59042.305785435026,127210.4685911362,0.8100542610111046,558363.2649477138,11.753598226746462,13.232765041997867,10.92905513669157,11.014014819120758,11.05821999223813,11.783068342158042
Sudan,2023,127628.0,120740.59375,412961.125,50.042791,10.3205375671387,2550.377336068246,12366.41009925455,0.03499091034445803,40013.528589334004,9.422739213021195,10.596972890647713,10.050457752908184,8.835622374207935,8.422427840887975,9.147276190807888
Senegal,2023,74338.3984375,70639.484375,294088.34375,18.077573,7.39652347564697,4112.189088518685,10050.451226479432,0.05641880426119248,39760.347508972955,9.215372810636486,10.59062540089763,10.04834192299149,8.527746515505914,8.416080351137893,9.140928701057806
Singapore,2023,596790.1875,652885.9375,2613811.25,5.78909,3.96511936187744,103088.77345144056,150510.01824505642,1.4143671912174554,659201.1517056549,11.921784927367957,13.39878400470217,10.984394790926338,11.183285388700849,11.224238954942432,11.949087304862346
Sierra Leone,2023,24074.876953125,23216.880859375,35497.421875,8.460512,3.09982895851135,2845.557922868616,7766.517854806618,0.03904075712676956,11451.413077980647,8.957577190376792,9.345868414291711,9.633422927456184,8.763431578419333,7.171323364531974,7.896171714451887
El Salvador,2023,70951.84375,69522.1640625,360078.5,6.309624,3.04447650909424,11245.019314938576,23305.10468320507,0.1542804890500272,118272.71418399831,10.05642770067425,11.68074837403061,10.41171624736915,9.24426736399607,9.506203324270873,10.231051674190786
Serbia,2023,148602.5625,156665.890625,711482.4375,6.773201,2.93705725669861,21939.783346160846,50595.73222860362,0.30101153315056145,242243.2984162316,10.83162250841023,12.397697865453875,10.650699411176905,10.048584829888409,10.223152815694137,10.94800116561405
Sao Tome and Principe,2023,1458.83666992188,1306.12805175781,4013.74853515625,0.230871,0.0714078843593597,6318.838961679379,20429.630187337498,0.08669380975995111,56208.758614904305,9.924741586195925,10.936827870979153,10.163742746351998,9.41869844380431,8.762282821219415,9.487131171139328
Suriname,2023,10470.45703125,11183.9697265625,57708.32421875,0.628886,0.224445596337318,16649.213102613194,46650.31171078986,0.22842546267189892,257114.9764596873,10.750434888156486,12.457278643053684,10.670559670376841,9.897013010707886,10.282733593293946,11.007581943213859
Slovakia,2023,176676.859375,196187.46875,883185.875,5.518055,2.47736859321594,32017.959113310757,71316.33938478687,0.43928305074790713,356501.603119749,11.174880744030359,12.784094015655967,10.779498127910935,10.370274108217554,10.609548965896229,11.334397315816142
Slovenia,2023,89182.046875,101986.7578125,583290.0625,2.118396,1.09132182598114,42098.85539578058,81719.29191906516,0.5775918935309433,534480.3417411725,11.311045384173818,13.189050229989164,10.914483532688667,10.372042961266144,11.014505180229426,11.739353530149339
Sweden,2023,628732.125,659848.6875,3094806.75,10.551494,5.44012498855591,59587.02388495885,115573.10288322953,0.8175277363725291,568885.2290177842,11.657658534127108,13.2514339862916,10.935278118122813,10.860770808044862,11.076888936531862,11.801737286451775
Eswatini,2023,11028.916015625,11481.2861328125,30055.45703125,1.230506,0.275668114423752,8962.911205329352,40007.94955441075,0.12297020443826018,109027.68749326337,10.59683345221039,11.599357142654927,10.384585836910588,10.09557160698812,9.42481209289519,10.149660442815103
Seychelles,2023,2867.71801757813,3690.50219726563,11078.0166015625,0.127951,0.0577673986554146,22412.62684604364,49642.49878524408,0.30749889652121676,191769.3519080445,10.812602576191107,12.164048636734524,10.572816334937121,10.136879545919399,9.989503586974786,10.7143519368947
Syrian Arab Republic,2023,168128.265625,153431.84375,72562.484375,23.594623,5.62414169311523,7125.702564732652,29894.030911563543,0.09776389401586293,12901.965905984742,10.305414104384282,9.465134974551471,9.673178447542771,10.725553669300686,7.290589924791734,8.015438274711647
Chad,2023,41826.34375,41516.9765625,94974.234375,19.319064,6.66323947906494,2165.029514369847,6277.178522761055,0.02970397852860846,14253.462549769838,8.74467587869071,9.564755142129252,9.706385170068698,8.334636246971439,7.390210092369514,8.115058442289428
Togo,2023,25827.6640625,24429.1015625,81846.890625,9.304337,3.46860885620117,2775.8736664955277,7446.116046300628,0.03808469641658071,23596.460142421172,8.915447839363678,10.068851985798277,9.874417451291706,8.338745766146378,7.894306936038539,8.619155285958453
Thailand,2023,1651245.625,1597433.875,6157631.5,71.702435,39.8352241516113,23029.1429433324,41451.89741409321,0.3159574329036813,154577.55368877292,10.63228893548905,11.948451215000464,10.500950527692435,9.974207795733344,9.773906165240726,10.49875451516064
Tajikistan,2023,50318.5078125,42280.12890625,764474.9375,10.389799,2.77250933647156,4843.068457099122,18149.085072708163,0.06644639276620883,275733.9452183453,9.806375429205229,12.527191713184488,10.693864027087109,8.445967287215598,10.35264666342475,11.077495013344663
Turkmenistan,2023,180446.203125,184317.921875,983045.6875,7.364438,3.96602296829224,24502.3724994358,45498.02272141145,0.33616998835004147,247866.866974625,10.725424147322498,12.420647054288848,10.658349140788562,9.877812693839322,10.24610200452911,10.970950354449023
Trinidad and Tobago,2023,42327.54296875,41415.421875,245120.578125,1.502932,0.57239443063736,28163.3120917979,73948.20896775389,0.38639769671350344,428237.18227317266,11.21112024834266,12.96743248526132,10.840610951112719,10.332964129883328,10.792887435501582,11.517735785421495
Tunisia,2023,147767.09375,145804.0,523601.9375,12.200431,3.84438753128052,12111.628986713666,38437.09629886884,0.1661702831208411,136199.0520569591,10.556778321700063,11.821872712739108,10.458757693605316,9.92423112618054,9.64732766297937,10.372176012899283
Türkiye,2023,3121979.75,3008595.0,9812269.0,87.270501,31.6075744628906,35773.59719752268,98773.15178567126,0.4908100125164283,310440.4297621843,11.500581103747116,12.645747309331838,10.733382559136226,10.927998000954755,10.4712022595721,11.196050609492014
Taiwan,2023,1445884.375,1517366.75,6347527.5,23.342541,11.6962776184082,61942.03000435985,123619.19083763823,0.8498381740553103,542696.378034832,11.724961077629944,13.204305286056186,10.919568551377676,10.985288973416822,11.029760236296449,11.754608586216362
U.R. of Tanzania: Mainland,2023,230598.40625,224954.65625,849884.0625,64.810025,25.2853260040283,3558.0669232884884,9119.851023999552,0.04881630610170918,33611.75024457275,9.11820874784719,10.422630994477029,9.992343787517957,8.46599762453227,8.24808594471729,8.972934294637204
Uganda,2023,146242.171875,137937.34375,412704.84375,48.656601,19.0273017883301,3005.597778500804,7685.91224871904,0.041236487209832084,21690.140217522687,8.947144354031126,9.9846130684161,9.846337812164315,8.428409996838637,7.810068018656363,8.534916368576276
Ukraine,2023,620008.3125,587357.125,10073253.0,37.732836,15.7174024581909,16431.532273375902,39447.25053323881,0.22543890445879475,640898.0763071616,10.582719628870278,13.370625715938681,10.975008694671839,9.188766585336076,11.196080666178943,11.920929016098857
Uruguay,2023,90607.5703125,94547.0859375,395100.34375,3.388081,1.57931053638458,26743.035456501777,57371.59869769654,0.36691164980305313,250172.6763974356,10.957304663648243,12.429906664006802,10.661435677361215,10.221003663468961,10.255361614247064,10.980209964166978
United States,2023,25034982.0,25641846.0,80823096.0,343.477335,167.539749145508,72886.85292728267,149427.1188042496,1.0,482411.4660086143,11.91456405330917,13.086552692787215,10.880317686954685,11.328569733570149,10.912007643027477,11.63685599294739
Uzbekistan,2023,349168.4375,321929.625,2139875.25,35.652307,13.9361743927002,9793.712297495924,25054.826931765092,0.13436870854153707,153548.2543273046,10.128821779837144,11.941770157046966,10.498723508374603,9.222347591232232,9.767225107287228,10.492073457207141
St. Vincent and the Grenadines,2023,1646.12170410156,1754.12805175781,13583.4814453125,0.101323,0.038282997906208,16246.278772850785,42998.76692349174,0.22289724580452494,354817.60019399616,10.668926718066663,12.779359134145501,10.777919834074114,9.613710510027243,10.604814084385763,11.329662434305677
Venezuela (Bolivarian Republic of),2023,4501.99462890625,2528.005859375,120241.203125,28.300854,15.3156814575195,159.07628189969992,293.9467395814711,0.002182509952218766,7850.855572996101,5.683398593041457,8.96837779502804,9.50759272103496,4.040908992048165,6.793832745268302,7.5186810951882155
British Virgin Islands,2023,1592.45935058594,1531.46130371094,5460.25,0.038985,0.0203264094889164,40848.00181059228,78344.35055804014,0.5604303131505112,268628.3577518877,11.268869139990334,12.50108413364105,10.68516150057263,10.652761643164975,10.326539083881313,11.051387433801226
Viet Nam,2023,1310143.375,1339399.25,4864514.5,100.352192,54.9557991027832,13055.45348725417,23839.947674123596,0.1791194565675549,88516.85498926062,10.079117926299512,11.390948264718421,10.315116210931754,9.423202757090056,9.216403214958683,9.941251564878597
Yemen,2023,33680.44921875,36119.60546875,573551.0,39.390799,7.75367593765259,855.0334106893846,4343.804085903891,0.011730968979308646,73971.49488989882,8.376505760666696,11.211435093785559,10.255278487287466,6.959041094107264,9.03689004402582,9.761738393945734
South Africa,2023,797735.25,813955.0625,3039962.25,63.212384,18.830005645752,12619.920330801002,42365.109443287234,0.17314398720701482,161442.45026744364,10.654080411971307,11.99190401304562,10.515434793707486,9.985168611434151,9.817358963285882,10.542207313205795
Zambia,2023,71113.6484375,72941.609375,279892.5625,20.723965,5.74190282821655,3431.4692404421644,12385.031681141856,0.04707939913204447,48745.61114558871,9.424243899945369,10.794370444590454,10.116256937555764,8.739180627622826,8.619825394830716,9.34467374475063
Zimbabwe,2023,50540.84765625,52258.8984375,119130.796875,16.340822,5.50477409362793,3092.919539558659,9181.275524958188,0.04243453263984912,21641.359817635435,9.124921420036301,9.982361569139393,9.84558731240541,8.696201345484754,7.807816519379655,8.532664869299568
